Name,Age,Number,Zip_code
Hola,12,89,45
Faaa,87,9,6
Alo,7,5,8
Acaaa,8,6,8
Hola,12,89,45
Faaa,87,9,6
Alo,7,5,8
Acaaa,8,6,8
Hola,12,89,45
Faaa,87,9,6
Alo,7,5,8
Acaaa,8,6,8
Hola,12,89,45
Faaa,87,9,6
Alo,7,5,8
Acaaa,8,6,8
Hola,12,89,45
Faaa,87,9,6
Alo,7,5,8
Acaaa,8,6,8
Hola,12,89,45
Faaa,87,9,6
Alo,7,5,8
Acaaa,8,6,8
Hola,12,89,45
Faaa,87,9,6
Alo,7,5,8
Acaaa,8,6,8
Hola,12,89,45
Faaa,87,9,6
Alo,7,5,8
Acaaa,8,6,8
Hola,12,89,45
Faaa,87,9,6
Alo,7,5,8
Acaaa,8,6,8
Hola,12,89,45
Faaa,87,9,6
Alo,7,5,8
Acaaa,8,6,8
Hola,12,89,45
Faaa,87,9,6
Alo,7,5,8
Acaaa,8,6,8
Hola,12,89,45
Faaa,87,9,6
Alo,7,5,8
Acaaa,8,6,8
Hola,12,89,45
Faaa,87,9,6
Alo,7,5,8
Acaaa,8,6,8
Hola,12,89,45
Faaa,87,9,6
Alo,7,5,8
Acaaa,8,6,8
Hola,12,89,45
Faaa,87,9,6
Alo,7,5,8
Acaaa,8,6,8
Hola,12,89,45
Faaa,87,9,6
Alo,7,5,8
Acaaa,8,6,8